"dir";"type_point";"npp";"nph";"nom"
DIRCE;nouveau;"25-38-285-1-172T";"252851172";Ecrins [aire d'adhésion]
DIRCE;nouveau;"25-38-286-1-173T";"252861173";Ecrins [aire d'adhésion]
DIRCE;nouveau;"25-38-287-1-174T";"252871174";Ecrins [aire d'adhésion]
DIRCE;nouveau;"25-38-288-1-173T";"252881173";Ecrins [aire d'adhésion]
DIRCE;nouveau;"25-38-289-1-172T";"252891172";Ecrins [aire d'adhésion]
DIRCE;nouveau;"25-38-289-1-174T";"252891174";Ecrins
DIRCE;nouveau;"25-38-290-1-179T";"252901179";Ecrins [aire d'adhésion]
DIRCE;nouveau;"25-73-293-1-156T";"252931156";Vanoise [aire d'adhésion]
DIRCE;nouveau;"25-73-293-1-158T";"252931158";Vanoise [aire d'adhésion]
DIRCE;nouveau;"25-73-300-1-153T";"253001153";Vanoise
DIRCE;visite2;"20-38-292-1-178T";"202921178";Ecrins [aire d'adhésion]
DIRCE;visite2;"20-38-294-1-174T";"202941174";Ecrins [aire d'adhésion]
DIRNE;nouveau;"25-21-220-1-089T";"252201089";Forêts [aire d'adhésion]
DIRNE;nouveau;"25-21-220-1-093T";"252201093";Forêts
DIRNE;nouveau;"25-21-221-1-088T";"252211088";Forêts [aire d'adhésion]
DIRNE;nouveau;"25-21-221-1-092T";"252211092";Forêts [aire d'adhésion]
DIRNE;nouveau;"25-21-221-1-094T";"252211094";Forêts
DIRNE;nouveau;"25-21-221-1-096T";"252211096";Forêts
DIRNE;nouveau;"25-21-222-1-091T";"252221091";Forêts [aire d'adhésion]
DIRNE;nouveau;"25-21-222-1-093T";"252221093";Forêts
DIRNE;nouveau;"25-21-222-1-095T";"252221095";Forêts
DIRNE;nouveau;"25-21-223-1-090T";"252231090";Forêts
DIRNE;nouveau;"25-21-223-1-092T";"252231092";Forêts
DIRNE;nouveau;"25-21-223-1-094T";"252231094";Forêts
DIRNE;nouveau;"25-21-223-1-096T";"252231096";Forêts [aire d'adhésion]
DIRNE;nouveau;"25-21-224-1-089T";"252241089";Forêts
DIRNE;nouveau;"25-21-225-1-088T";"252251088";Forêts [aire d'adhésion]
DIRNE;nouveau;"25-21-225-1-090T";"252251090";Forêts
DIRNE;nouveau;"25-21-225-1-094T";"252251094";Forêts
DIRNE;nouveau;"25-21-225-1-096T";"252251096";Forêts
DIRNE;nouveau;"25-21-226-1-089T";"252261089";Forêts [aire d'adhésion]
DIRNE;nouveau;"25-21-226-1-091T";"252261091";Forêts
DIRNE;nouveau;"25-21-227-1-092T";"252271092";Forêts [aire d'adhésion]
DIRNE;nouveau;"25-21-227-1-098T";"252271098";Forêts [aire d'adhésion]
DIRNE;nouveau;"25-21-230-1-097T";"252301097";Forêts [aire d'adhésion]
DIRNE;nouveau;"25-21-230-1-099T";"252301099";Forêts [aire d'adhésion]
DIRNE;nouveau;"25-21-231-1-096T";"252311096";Forêts [aire d'adhésion]
DIRNE;nouveau;"25-21-232-1-097T";"252321097";Forêts [aire d'adhésion]
DIRNE;nouveau;"25-52-223-1-084T";"252231084";Forêts [aire d'adhésion]
DIRNE;nouveau;"25-52-223-1-086T";"252231086";Forêts [aire d'adhésion]
DIRNE;nouveau;"25-52-225-1-084T";"252251084";Forêts
DIRNE;nouveau;"25-52-227-1-084T";"252271084";Forêts
DIRNE;nouveau;"25-52-227-1-088T";"252271088";Forêts
DIRNE;nouveau;"25-52-228-1-085T";"252281085";Forêts
DIRNE;nouveau;"25-52-229-1-090T";"252291090";Forêts [aire d'adhésion]
DIRNE;nouveau;"25-52-229-1-092T";"252291092";Forêts
DIRNE;nouveau;"25-52-229-1-094T";"252291094";Forêts [aire d'adhésion]
DIRNE;nouveau;"25-52-230-1-083T";"252301083";Forêts [aire d'adhésion]
DIRNE;nouveau;"25-52-230-1-085T";"252301085";Forêts [aire d'adhésion]
DIRNE;nouveau;"25-52-230-1-091T";"252301091";Forêts [aire d'adhésion]
DIRNE;nouveau;"25-52-231-1-086T";"252311086";Forêts [aire d'adhésion]
DIRNE;nouveau;"25-52-231-1-090T";"252311090";Forêts
DIRNE;nouveau;"25-52-231-1-092T";"252311092";Forêts
DIRNE;nouveau;"25-52-232-1-089T";"252321089";Forêts
DIRNE;nouveau;"25-52-232-1-093T";"252321093";Forêts
DIRNE;nouveau;"25-52-233-1-084T";"252331084";Forêts [aire d'adhésion]
DIRNE;nouveau;"25-52-233-1-092T";"252331092";Forêts
DIRNE;nouveau;"25-52-233-1-094T";"252331094";Forêts [aire d'adhésion]
DIRNE;nouveau;"25-52-234-1-083T";"252341083";Forêts [aire d'adhésion]
DIRNE;nouveau;"25-52-234-1-089T";"252341089";Forêts [aire d'adhésion]
DIRNE;nouveau;"25-52-234-1-093T";"252341093";Forêts [aire d'adhésion]
DIRNE;nouveau;"25-52-235-1-094T";"252351094";Forêts [aire d'adhésion]
DIRNE;nouveau;"25-52-237-1-094T";"252371094";Forêts [aire d'adhésion]
DIRNE;visite2;"20-21-221-1-093T";"202211093";Forêts [aire d'adhésion]
DIRNE;visite2;"20-21-222-1-092T";"202221092";Forêts
DIRNE;visite2;"20-21-223-1-093T";"202231093";Forêts
DIRNE;visite2;"20-21-223-1-095T";"202231095";Forêts
DIRNE;visite2;"20-21-224-1-090T";"202241090";Forêts [aire d'adhésion]
DIRNE;visite2;"20-21-224-1-092T";"202241092";Forêts [aire d'adhésion]
DIRNE;visite2;"20-21-224-1-094T";"202241094";Forêts
DIRNE;visite2;"20-21-225-1-089T";"202251089";Forêts
DIRNE;visite2;"20-21-225-1-091T";"202251091";Forêts
DIRNE;visite2;"20-21-225-1-093T";"202251093";Forêts
DIRNE;visite2;"20-21-225-1-095T";"202251095";Forêts
DIRNE;visite2;"20-21-227-1-089T";"202271089";Forêts
DIRNE;visite2;"20-21-227-1-091T";"202271091";Forêts
DIRNE;visite2;"20-21-227-1-093T";"202271093";Forêts
DIRNE;visite2;"20-21-227-1-095T";"202271095";Forêts
DIRNE;visite2;"20-21-228-1-088T";"202281088";Forêts
DIRNE;visite2;"20-21-228-1-096T";"202281096";Forêts [aire d'adhésion]
DIRNE;visite2;"20-21-229-1-097T";"202291097";Forêts [aire d'adhésion]
DIRNE;visite2;"20-21-231-1-093T";"202311093";Forêts [aire d'adhésion]
DIRNE;visite2;"20-21-231-1-095T";"202311095";Forêts [aire d'adhésion]
DIRNE;visite2;"20-21-233-1-097T";"202331097";Forêts [aire d'adhésion]
DIRNE;visite2;"20-52-226-1-088T";"202261088";Forêts
DIRNE;visite2;"20-52-228-1-084T";"202281084";Forêts
DIRNE;visite2;"20-52-228-1-086T";"202281086";Forêts [aire d'adhésion]
DIRNE;visite2;"20-52-229-1-083T";"202291083";Forêts
DIRNE;visite2;"20-52-229-1-087T";"202291087";Forêts
DIRNE;visite2;"20-52-230-1-084T";"202301084";Forêts
DIRNE;visite2;"20-52-230-1-088T";"202301088";Forêts
DIRNE;visite2;"20-52-231-1-087T";"202311087";Forêts
DIRNE;visite2;"20-52-231-1-089T";"202311089";Forêts
DIRNE;visite2;"20-52-231-1-091T";"202311091";Forêts
DIRNE;visite2;"20-52-232-1-086T";"202321086";Forêts [aire d'adhésion]
DIRNE;visite2;"20-52-232-1-094T";"202321094";Forêts [aire d'adhésion]
DIRNE;visite2;"20-52-233-1-087T";"202331087";Forêts [aire d'adhésion]
DIRNE;visite2;"20-52-233-1-089T";"202331089";Forêts
DIRNE;visite2;"20-52-233-1-091T";"202331091";Forêts
DIRNE;visite2;"20-52-234-1-088T";"202341088";Forêts
DIRNE;visite2;"20-52-234-1-092T";"202341092";Forêts [aire d'adhésion]
DIRNE;visite2;"20-52-235-1-083T";"202351083";Forêts [aire d'adhésion]
DIRNE;visite2;"20-52-235-1-091T";"202351091";Forêts
DIRNE;visite2;"20-52-236-1-088T";"202361088";Forêts [aire d'adhésion]
DIRNE;visite2;"20-52-237-1-093T";"202371093";Forêts [aire d'adhésion]
DIRNE;visite2;"20-52-239-1-091T";"202391091";Forêts [aire d'adhésion]
DIRSE;nouveau;"20-06-316-1-192R";"203161192";Mercantour [Aire d'adhésion]
DIRSE;nouveau;"20-30-252-1-213R";"202521213";Cévennes [aire d'adhésion]
DIRSE;nouveau;"20-48-233-1-220R";"202331220";Cévennes [aire d'adhésion]
DIRSE;nouveau;"25-04-308-1-191T";"253081191";Mercantour [Aire d'adhésion]
DIRSE;nouveau;"25-04-310-1-191T";"253101191";Mercantour [Aire d'adhésion]
DIRSE;nouveau;"25-04-312-1-191T";"253121191";Mercantour
DIRSE;nouveau;"25-04-312-1-193T";"253121193";Mercantour
DIRSE;nouveau;"25-04-312-1-195T";"253121195";Mercantour [Aire d'adhésion]
DIRSE;nouveau;"25-05-290-1-181T";"252901181";Ecrins [aire d'adhésion]
DIRSE;nouveau;"25-05-290-1-183T";"252901183";Ecrins [aire d'adhésion]
DIRSE;nouveau;"25-05-292-1-171T";"252921171";Ecrins [aire d'adhésion]
DIRSE;nouveau;"25-05-292-1-179T";"252921179";Ecrins
DIRSE;nouveau;"25-05-292-1-183T";"252921183";Ecrins [aire d'adhésion]
DIRSE;nouveau;"25-05-294-1-183T";"252941183";Ecrins [aire d'adhésion]
DIRSE;nouveau;"25-05-296-1-183T";"252961183";Ecrins [aire d'adhésion]
DIRSE;nouveau;"25-05-298-1-171T";"252981171";Ecrins [aire d'adhésion]
DIRSE;nouveau;"25-05-298-1-175T";"252981175";Ecrins
DIRSE;nouveau;"25-05-300-1-179T";"253001179";Ecrins
DIRSE;nouveau;"25-05-300-1-185T";"253001185";Ecrins [aire d'adhésion]
DIRSE;nouveau;"25-05-302-1-177T";"253021177";Ecrins [aire d'adhésion]
DIRSE;nouveau;"25-05-302-1-185T";"253021185";Ecrins [aire d'adhésion]
DIRSE;nouveau;"25-05-302-1-187T";"253021187";Ecrins [aire d'adhésion]
DIRSE;nouveau;"25-05-304-1-181T";"253041181";Ecrins [aire d'adhésion]
DIRSE;nouveau;"25-05-304-1-187T";"253041187";Ecrins [aire d'adhésion]
DIRSE;nouveau;"25-06-314-1-195T";"253141195";Mercantour [Aire d'adhésion]
DIRSE;nouveau;"25-06-316-1-189T";"253161189";Mercantour
DIRSE;nouveau;"25-06-318-1-195T";"253181195";Mercantour [Aire d'adhésion]
DIRSE;nouveau;"25-06-320-1-197T";"253201197";Mercantour [Aire d'adhésion]
DIRSE;nouveau;"25-06-322-1-195T";"253221195";Mercantour [Aire d'adhésion]
DIRSE;nouveau;"25-06-324-1-193T";"253241193";Mercantour
DIRSE;nouveau;"25-06-326-1-191T";"253261191";Mercantour
DIRSE;nouveau;"25-06-328-1-191T";"253281191";Mercantour
DIRSE;nouveau;"25-06-328-1-193T";"253281193";Mercantour [Aire d'adhésion]
DIRSE;nouveau;"25-06-332-1-195T";"253321195";Mercantour [Aire d'adhésion]
DIRSE;nouveau;"25-06-334-1-191T";"253341191";Mercantour [Aire d'adhésion]
DIRSE;nouveau;"25-06-334-1-193T";"253341193";Mercantour [Aire d'adhésion]
DIRSE;nouveau;"25-06-334-1-195T";"253341195";Mercantour
DIRSE;nouveau;"25-06-336-1-187T";"253361187";Mercantour [Aire d'adhésion]
DIRSE;nouveau;"25-06-336-1-193T";"253361193";Mercantour [Aire d'adhésion]
DIRSE;nouveau;"25-06-336-1-195T";"253361195";Mercantour [Aire d'adhésion]
DIRSE;nouveau;"25-06-336-1-197T";"253361197";Mercantour [Aire d'adhésion]
DIRSE;nouveau;"25-07-250-1-211T";"252501211";Cévennes [aire d'adhésion]
DIRSE;nouveau;"25-07-250-1-213T";"252501213";Cévennes [aire d'adhésion]
DIRSE;nouveau;"25-13-294-1-239T";"252941239";Calanques
DIRSE;nouveau;"25-13-295-1-236T";"252951236";Calanques
DIRSE;nouveau;"25-13-295-1-238T";"252951238";Calanques
DIRSE;nouveau;"25-13-296-1-237T";"252961237";Calanques
DIRSE;nouveau;"25-13-297-1-238T";"252971238";Calanques
DIRSE;nouveau;"25-30-236-1-225T";"252361225";Cévennes
DIRSE;nouveau;"25-30-236-1-227T";"252361227";Cévennes [aire d'adhésion]
DIRSE;nouveau;"25-30-240-1-225T";"252401225";Cévennes
DIRSE;nouveau;"25-30-240-1-227T";"252401227";Cévennes
DIRSE;nouveau;"25-30-240-1-229T";"252401229";Cévennes [aire d'adhésion]
DIRSE;nouveau;"25-30-242-1-223T";"252421223";Cévennes [aire d'adhésion]
DIRSE;nouveau;"25-30-242-1-227T";"252421227";Cévennes [aire d'adhésion]
DIRSE;nouveau;"25-30-242-1-229T";"252421229";Cévennes [aire d'adhésion]
DIRSE;nouveau;"25-30-244-1-223T";"252441223";Cévennes [aire d'adhésion]
DIRSE;nouveau;"25-30-244-1-225T";"252441225";Cévennes [aire d'adhésion]
DIRSE;nouveau;"25-30-244-1-227T";"252441227";Cévennes [aire d'adhésion]
DIRSE;nouveau;"25-30-244-1-229T";"252441229";Cévennes [aire d'adhésion]
DIRSE;nouveau;"25-30-246-1-211T";"252461211";Cévennes [aire d'adhésion]
DIRSE;nouveau;"25-30-246-1-223T";"252461223";Cévennes [aire d'adhésion]
DIRSE;nouveau;"25-30-246-1-227T";"252461227";Cévennes [aire d'adhésion]
DIRSE;nouveau;"25-30-248-1-211T";"252481211";Cévennes [aire d'adhésion]
DIRSE;nouveau;"25-30-248-1-213T";"252481213";Cévennes [aire d'adhésion]
DIRSE;nouveau;"25-30-248-1-215T";"252481215";Cévennes [aire d'adhésion]
DIRSE;nouveau;"25-30-248-1-217T";"252481217";Cévennes [aire d'adhésion]
DIRSE;nouveau;"25-30-248-1-219T";"252481219";Cévennes [aire d'adhésion]
DIRSE;nouveau;"25-30-248-1-221T";"252481221";Cévennes [aire d'adhésion]
DIRSE;nouveau;"25-30-248-1-223T";"252481223";Cévennes [aire d'adhésion]
DIRSE;nouveau;"25-30-248-1-225T";"252481225";Cévennes [aire d'adhésion]
DIRSE;nouveau;"25-30-250-1-215T";"252501215";Cévennes [aire d'adhésion]
DIRSE;nouveau;"25-30-250-1-219T";"252501219";Cévennes [aire d'adhésion]
DIRSE;nouveau;"25-30-250-1-221T";"252501221";Cévennes [aire d'adhésion]
DIRSE;nouveau;"25-30-250-1-223T";"252501223";Cévennes [aire d'adhésion]
DIRSE;nouveau;"25-30-252-1-215T";"252521215";Cévennes [aire d'adhésion]
DIRSE;nouveau;"25-48-232-1-217T";"252321217";Cévennes [aire d'adhésion]
DIRSE;nouveau;"25-48-232-1-223T";"252321223";Cévennes [aire d'adhésion]
DIRSE;nouveau;"25-48-234-1-213T";"252341213";Cévennes [aire d'adhésion]
DIRSE;nouveau;"25-48-236-1-213T";"252361213";Cévennes [aire d'adhésion]
DIRSE;nouveau;"25-48-236-1-215T";"252361215";Cévennes
DIRSE;nouveau;"25-48-236-1-217T";"252361217";Cévennes
DIRSE;nouveau;"25-48-238-1-217T";"252381217";Cévennes [aire d'adhésion]
DIRSE;nouveau;"25-48-238-1-223T";"252381223";Cévennes
DIRSE;nouveau;"25-48-238-1-225T";"252381225";Cévennes
DIRSE;nouveau;"25-48-240-1-215T";"252401215";Cévennes [aire d'adhésion]
DIRSE;nouveau;"25-48-240-1-219T";"252401219";Cévennes
DIRSE;nouveau;"25-48-240-1-223T";"252401223";Cévennes
DIRSE;nouveau;"25-48-241-1-210T";"252411210";Cévennes [aire d'adhésion]
DIRSE;nouveau;"25-48-242-1-211T";"252421211";Cévennes [aire d'adhésion]
DIRSE;nouveau;"25-48-242-1-213T";"252421213";Cévennes
DIRSE;nouveau;"25-48-242-1-215T";"252421215";Cévennes [aire d'adhésion]
DIRSE;nouveau;"25-48-242-1-219T";"252421219";Cévennes
DIRSE;nouveau;"25-48-242-1-221T";"252421221";Cévennes [aire d'adhésion]
DIRSE;nouveau;"25-48-244-1-211T";"252441211";Cévennes [aire d'adhésion]
DIRSE;nouveau;"25-48-244-1-213T";"252441213";Cévennes
DIRSE;nouveau;"25-48-244-1-215T";"252441215";Cévennes
DIRSE;nouveau;"25-48-244-1-217T";"252441217";Cévennes [aire d'adhésion]
DIRSE;nouveau;"25-48-244-1-219T";"252441219";Cévennes [aire d'adhésion]
DIRSE;nouveau;"25-48-244-1-221T";"252441221";Cévennes [aire d'adhésion]
DIRSE;nouveau;"25-48-246-1-215T";"252461215";Cévennes [aire d'adhésion]
DIRSE;nouveau;"25-48-246-1-217T";"252461217";Cévennes [aire d'adhésion]
DIRSE;nouveau;"25-83-312-1-235T";"253121235";Port-Cros [Aire d'adhésion]
DIRSE;visite2;"20-04-314-1-184T";"203141184";Mercantour [Aire d'adhésion]
DIRSE;visite2;"20-04-314-1-194T";"203141194";Mercantour [Aire d'adhésion]
DIRSE;visite2;"20-04-316-1-196T";"203161196";Mercantour [Aire d'adhésion]
DIRSE;visite2;"20-05-292-1-180T";"202921180";Ecrins [aire d'adhésion]
DIRSE;visite2;"20-05-300-1-170T";"203001170";Ecrins [aire d'adhésion]
DIRSE;visite2;"20-05-300-1-174T";"203001174";Ecrins
DIRSE;visite2;"20-05-300-1-182T";"203001182";Ecrins [aire d'adhésion]
DIRSE;visite2;"20-05-302-1-170T";"203021170";Ecrins [aire d'adhésion]
DIRSE;visite2;"20-05-302-1-174T";"203021174";Ecrins [aire d'adhésion]
DIRSE;visite2;"20-05-304-1-176T";"203041176";Ecrins [aire d'adhésion]
DIRSE;visite2;"20-05-304-1-184T";"203041184";Ecrins [aire d'adhésion]
DIRSE;visite2;"20-05-304-1-186T";"203041186";Ecrins [aire d'adhésion]
DIRSE;visite2;"20-05-306-1-180T";"203061180";Ecrins [aire d'adhésion]
DIRSE;visite2;"20-06-316-1-194T";"203161194";Mercantour [Aire d'adhésion]
DIRSE;visite2;"20-06-318-1-188T";"203181188";Mercantour
DIRSE;visite2;"20-06-320-1-192T";"203201192";Mercantour
DIRSE;visite2;"20-06-320-1-194T";"203201194";Mercantour [Aire d'adhésion]
DIRSE;visite2;"20-06-322-1-194T";"203221194";Mercantour [Aire d'adhésion]
DIRSE;visite2;"20-06-322-1-196T";"203221196";Mercantour [Aire d'adhésion]
DIRSE;visite2;"20-06-324-1-194T";"203241194";Mercantour [Aire d'adhésion]
DIRSE;visite2;"20-06-328-1-194T";"203281194";Mercantour [Aire d'adhésion]
DIRSE;visite2;"20-06-332-1-194T";"203321194";Mercantour [Aire d'adhésion]
DIRSE;visite2;"20-06-336-1-192T";"203361192";Mercantour
DIRSE;visite2;"20-06-336-1-194T";"203361194";Mercantour
DIRSE;visite2;"20-06-338-1-188T";"203381188";Mercantour [Aire d'adhésion]
DIRSE;visite2;"20-06-338-1-196T";"203381196";Mercantour [Aire d'adhésion]
DIRSE;visite2;"20-07-252-1-212T";"202521212";Cévennes [aire d'adhésion]
DIRSE;visite2;"20-13-297-1-237T";"202971237";Calanques
DIRSE;visite2;"20-13-300-1-236T";"203001236";Calanques [aire d'adhésion]
DIRSE;visite2;"20-30-238-1-226T";"202381226";Cévennes
DIRSE;visite2;"20-30-240-1-230T";"202401230";Cévennes [aire d'adhésion]
DIRSE;visite2;"20-30-242-1-224T";"202421224";Cévennes
DIRSE;visite2;"20-30-242-1-226T";"202421226";Cévennes
DIRSE;visite2;"20-30-242-1-228T";"202421228";Cévennes
DIRSE;visite2;"20-30-244-1-222T";"202441222";Cévennes [aire d'adhésion]
DIRSE;visite2;"20-30-246-1-222T";"202461222";Cévennes [aire d'adhésion]
DIRSE;visite2;"20-30-246-1-224T";"202461224";Cévennes [aire d'adhésion]
DIRSE;visite2;"20-30-246-1-226T";"202461226";Cévennes [aire d'adhésion]
DIRSE;visite2;"20-30-246-1-228T";"202461228";Cévennes [aire d'adhésion]
DIRSE;visite2;"20-30-248-1-210T";"202481210";Cévennes [aire d'adhésion]
DIRSE;visite2;"20-30-248-1-222T";"202481222";Cévennes [aire d'adhésion]
DIRSE;visite2;"20-30-250-1-212T";"202501212";Cévennes [aire d'adhésion]
DIRSE;visite2;"20-30-250-1-214T";"202501214";Cévennes [aire d'adhésion]
DIRSE;visite2;"20-30-250-1-216T";"202501216";Cévennes [aire d'adhésion]
DIRSE;visite2;"20-30-250-1-218T";"202501218";Cévennes [aire d'adhésion]
DIRSE;visite2;"20-30-250-1-220T";"202501220";Cévennes [aire d'adhésion]
DIRSE;visite2;"20-30-250-1-222T";"202501222";Cévennes [aire d'adhésion]
DIRSE;visite2;"20-30-250-1-224T";"202501224";Cévennes [aire d'adhésion]
DIRSE;visite2;"20-30-250-1-226T";"202501226";Cévennes [aire d'adhésion]
DIRSE;visite2;"20-30-252-1-214T";"202521214";Cévennes [aire d'adhésion]
DIRSE;visite2;"20-30-252-1-220T";"202521220";Cévennes [aire d'adhésion]
DIRSE;visite2;"20-30-252-1-222T";"202521222";Cévennes [aire d'adhésion]
DIRSE;visite2;"20-30-254-1-214T";"202541214";Cévennes [aire d'adhésion]
DIRSE;visite2;"20-48-234-1-216T";"202341216";Cévennes [aire d'adhésion]
DIRSE;visite2;"20-48-234-1-220T";"202341220";Cévennes [aire d'adhésion]
DIRSE;visite2;"20-48-234-1-222T";"202341222";Cévennes [aire d'adhésion]
DIRSE;visite2;"20-48-236-1-214T";"202361214";Cévennes [aire d'adhésion]
DIRSE;visite2;"20-48-236-1-220T";"202361220";Cévennes [aire d'adhésion]
DIRSE;visite2;"20-48-238-1-212T";"202381212";Cévennes
DIRSE;visite2;"20-48-238-1-214T";"202381214";Cévennes [aire d'adhésion]
DIRSE;visite2;"20-48-240-1-210T";"202401210";Cévennes [aire d'adhésion]
DIRSE;visite2;"20-48-240-1-216T";"202401216";Cévennes [aire d'adhésion]
DIRSE;visite2;"20-48-240-1-222T";"202401222";Cévennes
DIRSE;visite2;"20-48-240-1-224T";"202401224";Cévennes
DIRSE;visite2;"20-48-241-1-209T";"202411209";Cévennes [aire d'adhésion]
DIRSE;visite2;"20-48-242-1-212T";"202421212";Cévennes
DIRSE;visite2;"20-48-242-1-216T";"202421216";Cévennes
DIRSE;visite2;"20-48-242-1-218T";"202421218";Cévennes
DIRSE;visite2;"20-48-242-1-220T";"202421220";Cévennes
DIRSE;visite2;"20-48-242-1-222T";"202421222";Cévennes
DIRSE;visite2;"20-48-244-1-214T";"202441214";Cévennes
DIRSE;visite2;"20-48-244-1-218T";"202441218";Cévennes
DIRSE;visite2;"20-48-244-1-220T";"202441220";Cévennes
DIRSE;visite2;"20-48-245-1-209T";"202451209";Cévennes [aire d'adhésion]
DIRSE;visite2;"20-48-246-1-210T";"202461210";Cévennes [aire d'adhésion]
DIRSE;visite2;"20-48-246-1-212T";"202461212";Cévennes [aire d'adhésion]
DIRSE;visite2;"20-48-246-1-218T";"202461218";Cévennes
DIRSE;visite2;"20-48-248-1-214T";"202481214";Cévennes [aire d'adhésion]
DIRSE;visite2;"20-83-316-1-234T";"203161234";Port-Cros [Aire d'adhésion]
DIRSO;nouveau;"25-64-150-1-299T";"251501299";Pyrénées
DIRSO;nouveau;"25-64-152-1-297T";"251521297";Pyrénées [aire d'adhésion]
DIRSO;nouveau;"25-64-152-1-299T";"251521299";Pyrénées [aire d'adhésion]
DIRSO;nouveau;"25-64-153-1-290T";"251531290";Pyrénées [aire d'adhésion]
DIRSO;nouveau;"25-64-154-1-301T";"251541301";Pyrénées
DIRSO;nouveau;"25-64-155-1-288T";"251551288";Pyrénées [aire d'adhésion]
DIRSO;nouveau;"25-64-156-1-293T";"251561293";Pyrénées [aire d'adhésion]
DIRSO;nouveau;"25-65-159-1-292T";"251591292";Pyrénées [aire d'adhésion]
DIRSO;nouveau;"25-65-160-1-293T";"251601293";Pyrénées [aire d'adhésion]
DIRSO;nouveau;"25-65-160-1-295T";"251601295";Pyrénées [aire d'adhésion]
DIRSO;nouveau;"25-65-162-1-293T";"251621293";Pyrénées [aire d'adhésion]
DIRSO;nouveau;"25-65-164-1-293T";"251641293";Pyrénées [aire d'adhésion]
DIRSO;nouveau;"25-65-164-1-295T";"251641295";Pyrénées [aire d'adhésion]
DIRSO;nouveau;"25-65-166-1-293T";"251661293";Pyrénées [aire d'adhésion]
DIRSO;nouveau;"25-65-166-1-295T";"251661295";Pyrénées [aire d'adhésion]
DIRSO;nouveau;"25-65-168-1-295T";"251681295";Pyrénées [aire d'adhésion]
DIRSO;nouveau;"25-65-168-1-299T";"251681299";Pyrénées [aire d'adhésion]
DIRSO;nouveau;"25-65-173-1-290T";"251731290";Pyrénées [aire d'adhésion]
DIRSO;nouveau;"25-65-174-1-297T";"251741297";Pyrénées [aire d'adhésion]
DIRSO;nouveau;"25-65-175-1-292T";"251751292";Pyrénées [aire d'adhésion]
DIRSO;nouveau;"25-65-176-1-297T";"251761297";Pyrénées [aire d'adhésion]
DIRSO;visite2;"20-64-157-1-287T";"201571287";Pyrénées [aire d'adhésion]
DIRSO;visite2;"20-64-158-1-292T";"201581292";Pyrénées [aire d'adhésion]
DIRSO;visite2;"20-65-161-1-291T";"201611291";Pyrénées [aire d'adhésion]
DIRSO;visite2;"20-65-162-1-292T";"201621292";Pyrénées [aire d'adhésion]
DIRSO;visite2;"20-65-164-1-292T";"201641292";Pyrénées [aire d'adhésion]
DIRSO;visite2;"20-65-170-1-296T";"201701296";Pyrénées [aire d'adhésion]
DIRSO;visite2;"20-65-174-1-290T";"201741290";Pyrénées [aire d'adhésion]
DIRSO;visite2;"20-65-175-1-289T";"201751289";Pyrénées [aire d'adhésion]
